match_id,statsbomb_xg,pred_xg,goals,shots
7529,2.4567,1.7983587064296185,1.0,24
7531,3.1126,3.36461171881272,2.0,37
7541,3.1269,3.1506970308356177,3.0,24
7544,2.0807,2.0712148790791156,1.0,22
7545,3.0498000000000003,2.648791606138062,3.0,24
7548,3.255,3.0881421370352675,2.0,27
7555,2.5009,2.8938234357991233,3.0,24
7564,2.1555999999999997,2.0393785871809493,3.0,17
7567,4.481,4.921644109857838,2.0,41
7570,2.1662,2.1041471667586267,1.0,26
7576,3.0957,2.9181237710636903,6.0,22
7581,10.701699999999999,7.808354102410734,7.0,45
7582,9.8989,7.210992439593592,8.0,41
7584,3.6115,4.2154790636383295,5.0,40
8655,2.2489,2.2234263777409264,1.0,28
265894,3.2264,3.050283546342138,3.0,25
267273,4.0165999999999995,4.288718346311379,3.0,28
267576,1.2505000000000002,1.401644482895299,3.0,17
3753975,1.673,1.8529075907273884,2.0,25
3753977,2.1501,2.0661856176128004,3.0,18
3753981,1.0975,1.8581860297472537,0.0,22
3753984,1.7886,2.3928948767980986,3.0,26
3753992,3.2825,3.1769440332268934,3.0,29
3753995,2.1019,2.0237402839161,4.0,25
3753999,2.523,2.861082575710795,3.0,26
3754009,2.1241,2.1670932610650575,2.0,28
3754010,2.5361000000000002,2.554286730441571,3.0,28
3754016,2.2076,2.5507094489278233,4.0,25
3754020,2.6224999999999996,2.3528701214352443,1.0,32
3754026,2.4348,2.3078841996856543,3.0,29
3754030,1.9584,2.045263440534939,1.0,25
3754046,2.7212,2.970253731009314,2.0,33
3754057,3.173,3.941565287450576,3.0,25
3754060,1.8616,2.5005036174728965,2.0,26
3754065,2.54,2.7313010584536515,1.0,31
3754071,3.4764,2.7927671782202252,5.0,18
3754072,3.2426,3.8949599058608566,1.0,29
3754076,3.1201,2.8528521641620164,4.0,31
3754080,2.3083,2.2868394257340543,1.0,29
3754083,4.3468,4.004851544250855,3.0,40
3754085,3.5962,3.9001435785709777,3.0,26
3754087,2.9562,3.129847356897688,2.0,33
3754089,2.2943000000000002,2.5586030886105227,3.0,22
3754092,3.0957,2.3787084591257934,4.0,29
3754093,0.7845,0.6478852753088957,0.0,14
3754104,2.9521,2.8081343015987104,2.0,28
3754106,2.715,3.426261138190719,5.0,32
3754110,2.7343,2.5479242258496573,4.0,26
3754118,3.0089,3.018221566167608,4.0,26
3754122,3.3733,2.9785404456357316,3.0,29
3754124,2.4892,2.9670821067665303,1.0,30
3754132,2.5285,2.6637309139712295,2.0,26
3754137,1.7745,2.1244342311658264,2.0,25
3754143,2.0034,1.6440775139677097,1.0,16
3754146,2.9352,2.6257687442963094,4.0,22
3754147,3.2424999999999997,2.255909417840253,3.0,24
3754154,1.1127,1.2667227418277809,4.0,19
3754163,2.8123,2.657697165026154,2.0,26
3754180,2.4676,2.2394238441547705,2.0,32
3754192,2.0428,3.033021287009344,3.0,23
3754194,2.5021,2.6215956514874543,2.0,33
3754198,1.502,1.2921988387942998,0.0,25
3754205,1.9334,2.0073159593814767,0.0,23
3754207,4.5087,3.494739966930458,5.0,31
3754209,2.3214,2.615707600535867,3.0,22
3754212,2.8634,2.9380713130486376,5.0,30
3754220,2.9737999999999998,2.88924983697611,3.0,33
3754225,2.6693000000000002,2.178693480004127,2.0,25
3754226,2.3264,2.563208783688787,1.0,25
3754227,3.1042,2.976125866673431,4.0,26
3754228,2.9486,2.6135777631194177,4.0,28
3754230,2.1417,2.3390411389965973,2.0,23
3754244,2.8773,2.831502373602043,4.0,25
3754246,1.6395,1.9059910568316902,2.0,25
3754247,2.5642,2.923393170957522,1.0,32
3754257,4.0966,3.5360373197109003,1.0,31
3754260,2.8099,2.106282803187517,4.0,26
3754262,1.461,2.08875835547752,3.0,19
3754277,3.4007,3.46920427291256,5.0,32
3754278,2.5484,1.7825821325093314,2.0,22
3754280,2.072,2.9965824083146093,3.0,23
3754283,3.426,2.701052320978658,4.0,27
3754285,2.2472,2.635501130974169,2.0,25
3754303,2.7199,3.0641813420939017,2.0,31
3754306,1.8878,1.9490949798813622,2.0,23
3754316,2.3623,1.8826090101291615,4.0,25
3754317,3.6926,3.4651492957395456,3.0,28
3754318,1.9815,2.53834645355179,4.0,36
3754320,3.7896,3.2801170342484234,6.0,21
3754332,1.9636,2.7510321416043317,1.0,33
3754340,3.6884,4.436238327485459,2.0,36
3754341,2.0266,2.1618579214016616,3.0,17
3754342,4.3918,3.9397676722101207,2.0,33
3754343,2.5789,3.0603922630627074,1.0,33
3754344,1.9359,2.044449242300869,2.0,23
3754347,2.5508,2.6329881012302674,0.0,30
3754351,2.3708,2.6184116310803214,3.0,31
3764231,1.9701,2.087492223139324,2.0,21
3775541,1.4525000000000001,2.281143962941976,3.0,15
3775553,2.1948,2.179488662843967,2.0,21
3775554,2.8234,3.1606022098827777,2.0,27
3775565,4.1269,4.03863047319775,6.0,27
3775569,5.3651,5.130249453604919,4.0,32
3775575,3.4181,4.094582661555903,6.0,28
3775584,4.4212,3.760587996067893,3.0,34
3775586,4.2213,3.814608460553021,7.0,22
3775590,2.9879,2.654338173388892,2.0,20
3775591,2.6803,3.17362505627156,2.0,22
3775593,2.8951,3.4154909717316486,5.0,23
3775596,4.0432,3.5868422893893777,3.0,30
3775597,1.7852999999999999,2.0268173279315302,1.0,21
3775598,2.6344,2.6463236545789295,0.0,23
3775613,2.5235,2.6372220772483628,3.0,33
3775616,2.3195,3.1894045124135895,3.0,25
3775622,2.7598,3.2491755244887357,5.0,21
3775623,2.4537,2.6003019312715394,1.0,24
3775626,3.4658,3.5434407853964736,6.0,27
3775632,2.3254,2.6717077803784486,3.0,28
3775634,3.6176,3.1739361507178017,4.0,17
3775642,2.7569,2.943098164663038,2.0,27
3825568,2.7,2.874464428818518,2.0,30
3825575,0.8452000000000001,1.1947318593494782,0.0,19
3825581,5.148,5.0952802139866264,6.0,30
3825584,2.0879,1.7305731150254053,4.0,23
3825585,5.5318,4.736288989900978,5.0,35
3825592,3.3629000000000002,2.872975000135492,5.0,28
3825595,2.5362999999999998,2.341839712021919,4.0,24
3825600,1.7482,1.5274184889493174,0.0,24
3825601,3.7648,3.3316299364358866,3.0,24
3825602,4.1174,5.082435527926385,3.0,35
3825603,1.4178,1.3795269245964616,3.0,18
3825607,1.2736,1.3385229674479127,1.0,15
3825609,1.8528,1.8152814636499361,0.0,25
3825623,3.2199,2.4702502503272976,2.0,17
3825627,7.1495,6.961859925713958,7.0,36
3825630,1.9274,2.383867731408406,4.0,24
3825639,0.6164999999999999,0.773249779002764,0.0,12
3825640,4.4101,3.3984771490603327,4.0,26
3825649,1.8425,2.4600454548897526,1.0,22
3825651,2.7237,2.684861673505219,2.0,19
3825653,2.8091,3.7093360834753817,4.0,25
3825654,3.0136000000000003,3.0980501900597717,6.0,26
3825656,2.0939,2.185425239986512,2.0,26
3825657,1.5982999999999998,1.7660080561195548,1.0,19
3825660,3.1961,2.5561234522781793,3.0,25
3825671,2.3697,1.8418301374295747,3.0,14
3825676,1.9127,1.590260537047465,2.0,19
3825680,1.9045,1.656703400605424,2.0,17
3825681,1.6731,2.355799182395005,5.0,23
3825683,2.7996,2.2214156234738267,3.0,16
3825684,1.7474,1.9986137591975637,3.0,22
3825687,1.9298,2.0540074773113446,2.0,21
3825693,1.7142,1.1217417359094923,3.0,18
3825696,2.0624,2.8923781032250155,3.0,28
3825699,1.4252,1.6627065381491395,0.0,22
3825722,3.3471,2.8702967507302812,3.0,28
3825723,1.1239000000000001,1.664061121395582,3.0,20
3825736,2.664,2.642973008972123,4.0,31
3825740,2.6787,1.7621833065372712,6.0,16
3825749,2.758,2.6104891690492584,5.0,25
3825752,2.2619,1.7717429799194118,3.0,18
3825760,2.4697,2.692230607617039,4.0,19
3825761,0.9943,0.9445130432029792,0.0,12
3825764,2.7607,2.900594795050615,3.0,28
3825769,1.2128,1.3150547830778565,1.0,19
3825770,3.5496,4.869007906303954,6.0,30
3825773,3.9089,4.085871541803009,2.0,25
3825776,2.1299,1.816779409378899,2.0,20
3825784,1.0548,1.3832037047714898,0.0,17
3825787,1.5518,2.0894308793981002,1.0,25
3825795,3.0511,3.2513295016077692,2.0,21
3825804,3.565,3.0519979098011727,5.0,20
3825816,5.2372,3.860190156107626,5.0,27
3825821,2.8433,3.278603230702862,3.0,30
3825823,2.4537,2.2922478797073964,2.0,23
3825825,2.4262,3.641473149339859,0.0,28
3825827,1.3564,1.2489956559560873,1.0,19
3825829,2.4072,2.6346042457782,1.0,26
3825834,2.318,2.10324102054596,3.0,19
3825836,1.7558,1.7644875851123216,3.0,21
3825850,2.3923,2.0631066162321843,1.0,25
3825854,1.0462,1.0790525621874696,2.0,15
3825855,4.2149,3.923820531537093,4.0,35
3825861,2.6317,2.8913718858216213,3.0,29
3825865,2.0137,2.6127951022658524,2.0,28
3825868,3.0042,3.2725419194761773,3.0,28
3825870,1.8526,2.02376129869263,3.0,16
3825878,1.5311,1.7243974296525937,1.0,25
3825879,2.4521,2.922773794304972,3.0,27
3825888,3.1506000000000003,3.2777776597644497,2.0,27
3825889,3.4538,3.3466135598015274,2.0,28
3825894,1.5128,2.196227622586429,2.0,24
3825897,1.7947,2.0968775202635292,3.0,15
3825901,3.9381999999999997,4.222314384614033,5.0,32
3825903,2.057,2.6751574679593237,1.0,30
3825904,3.4539999999999997,2.8509705263890677,2.0,28
3825906,2.4053,2.531728634862314,2.0,17
3829416,4.0221,3.7691955782493336,3.0,23
3829418,0.6352,1.0976217503973056,0.0,20
3829420,2.9431000000000003,3.6141856246788753,3.0,27
3829423,1.5259,1.9859112303500486,0.0,17
3829428,2.4622,2.2365246408398973,1.0,22
3829430,1.7803,2.087466509341238,1.0,30
3829434,2.1363,2.1721137721723207,2.0,25
3829435,1.2157,1.571984782712843,3.0,21
3829439,2.5542,2.6380842447158503,2.0,25
3829443,3.0734,2.259096512431699,2.0,25
3829445,1.0937,1.2790453813204832,2.0,17
3829449,3.4303,2.823264654709596,3.0,20
3829454,1.3876,1.4368486077958655,0.0,23
3829459,1.7269,2.3444854399814665,1.0,25
3829463,2.7476,2.8250986114799197,2.0,24
3829467,2.4523,2.3468635931338477,3.0,19
3829468,1.7752,1.8725985466726072,3.0,23
3829469,3.3757,3.3788033687133026,5.0,29
3829471,3.227,3.6603000970620685,2.0,27
3829476,1.9592,1.385495075142226,2.0,18
3829479,2.2681,2.1883913771042396,2.0,23
3829480,1.6212,1.7617463397266395,0.0,26
3829483,2.2748,1.9559731611704951,5.0,22
3829489,1.2138,1.3913741704348739,3.0,22
3829500,4.939,4.451752230015802,3.0,29
3829501,2.4697,2.391064360407348,2.0,22
3829511,1.5726,1.7241143373336185,0.0,22
3829514,1.544,1.7940328766431373,0.0,21
3829519,4.8805000000000005,4.016821329430995,4.0,35
3829520,2.3045,3.0535706121763413,1.0,29
3857255,2.0155,1.6305986699440578,3.0,18
3857256,4.2925,3.462038327955001,5.0,26
3857257,1.2068,1.6159636623480718,1.0,22
3857262,2.3725,1.999312205163202,3.0,25
3857265,1.667,1.8481951223118636,0.0,17
3857271,3.4428,3.224727216730825,8.0,21
3857281,2.8971,2.5477368859256915,5.0,21
3857286,1.4582,1.3596059377280159,2.0,11
3857287,0.9103,0.8264454425174279,0.0,17
3857292,5.351,5.439300724373933,5.0,38
3869117,3.1339,2.984282170883948,4.0,29
3869118,1.9928000000000001,2.6796088294573677,3.0,18
3869151,1.9073,2.2121056068192186,2.0,19
3878547,2.9002,4.171815113183776,3.0,39
3878557,2.3704,3.0488562901430694,1.0,30
3878559,3.1301,3.2625201551133465,2.0,39
3878599,2.5914,2.02003648962103,4.0,19
3878606,3.2656,3.5916604039977558,2.0,31
3878609,2.6494,2.5572687348145298,1.0,20
3879555,2.7767,3.849315847226691,2.0,31
3879559,2.4919,2.808586666110963,4.0,22
3879561,3.3615,3.0649830336547716,3.0,34
3879566,2.8911,2.604344940150723,2.0,28
3879572,2.0508,2.39818414589325,3.0,23
3879576,2.3279,2.2376108456677106,2.0,34
3879588,1.1524,1.1003362353552228,2.0,15
3879598,2.5432,2.888196899298353,1.0,30
3879603,1.4271,1.7157104295827639,0.0,20
3879606,2.2521,2.626856773575731,2.0,25
3879608,1.1142,1.6056959661446701,2.0,22
3879618,1.6689,2.2194160388039395,1.0,26
3879623,1.9371,2.8119051155822676,4.0,33
3879627,1.136,1.6806709527844659,2.0,17
3879630,2.0625999999999998,2.2752185939090968,3.0,29
3879631,3.5011,4.161519989727512,4.0,29
3879634,1.9556,2.593890463722666,3.0,24
3879635,1.7723,1.9789638989644698,3.0,24
3879642,1.4552,1.8490422737467123,0.0,31
3879662,0.8902,1.3600007418015794,2.0,21
3879669,2.1441,2.3326321600281945,3.0,26
3879673,3.1726,3.863798473067807,3.0,38
3879674,3.633,4.056271852191595,1.0,28
3879677,2.5562,3.0106325186754184,4.0,28
3879680,1.5724,1.4589662977335724,1.0,24
3879681,3.5563,3.633067613595522,1.0,37
3879688,2.1736,2.7048748841022054,0.0,31
3879689,3.2785,3.177970610741734,3.0,21
3879696,2.5985,2.870942673790392,2.0,21
3879698,2.4233,2.149273982072168,4.0,26
3879702,2.6329,2.7078823549322064,1.0,27
3879705,1.9685,2.616638792202581,2.0,30
3879719,2.5648,2.0513281347333554,4.0,23
3879720,1.6775,2.039413087428302,2.0,19
3879721,2.4785,2.8499482328387638,2.0,29
3879734,2.8849,3.1627677174214996,2.0,32
3879750,3.6006,3.1693451764987635,5.0,28
3879752,4.1777999999999995,4.381789623811258,3.0,35
3879755,1.3599,1.5383357051856483,0.0,27
3879758,1.8081,2.3129349241771107,1.0,30
3879763,1.9665000000000001,2.501782605079259,2.0,40
3879764,1.7732,2.392775443961915,1.0,27
3879776,1.504,1.9331012463155088,0.0,23
3879781,1.3973,2.388937718259711,0.0,29
3879787,1.6354,1.6884998913879297,2.0,24
3879788,1.2589000000000001,1.695708185272185,0.0,25
3879793,1.9817,2.7216526349645975,2.0,21
3879798,2.3432,2.4332344578455096,1.0,30
3879803,3.3428,3.8259413673210654,4.0,24
3879811,3.5648,3.0279139551034033,3.0,27
3879815,1.3829,1.4522821778849762,3.0,21
3879816,1.6725,1.883617715976217,2.0,23
3879817,1.7882,1.7983349709440664,2.0,22
3879818,1.6528,1.994106455326125,1.0,14
3879819,3.4284,3.7100611292840937,5.0,31
3879822,1.7209,1.698427318624811,0.0,21
3879835,2.4507,2.9527515356670615,6.0,31
3879844,2.1028000000000002,2.6492314237356185,1.0,26
3879860,1.8778,1.797364448835459,0.0,25
3879866,2.1916,2.4444803391510352,3.0,34
3879870,2.8615,3.040726535065297,5.0,31
3879871,2.7119999999999997,2.8261756103964637,3.0,25
3879873,1.9798,2.280808929020562,3.0,30
3879874,3.0453,3.3722257276992598,6.0,32
3881489,3.2903,3.0597371268957034,5.0,28
3881491,2.4965,2.527644786375555,4.0,23
3881495,4.4377,4.394002884339638,2.0,35
3881496,2.9625,2.405831762447941,3.0,26
3881500,2.3502,1.856518383812548,1.0,26
3881509,3.102,2.7219727058572927,5.0,29
3881511,4.0549,4.198803658221477,2.0,34
3881512,4.1524,3.4792580184011457,2.0,25
3881514,1.6848,1.7038819537459988,2.0,19
3881516,3.8575,3.687225230280784,5.0,28
3881520,3.1896999999999998,2.646287913871888,2.0,27
3881527,2.1254,2.0790260818098187,3.0,23
3881531,1.5498,1.953052224640241,2.0,24
3881538,3.3704,2.8822851944941603,2.0,34
3881550,2.3872,2.890267278963426,2.0,32
3881559,1.9168,1.881305116855252,3.0,23
3881563,2.9461,2.834922864774666,1.0,30
3881575,2.0108,1.9961053296941733,2.0,29
3881581,2.2842,2.6991659756780417,0.0,29
3881603,1.3256000000000001,1.4663538175626352,1.0,16
3881604,3.4608,3.052369341401074,4.0,25
3881610,4.3481,5.101113551475092,1.0,33
3881611,1.9134,2.1015054426422246,3.0,21
3881614,2.385,2.23454560508148,2.0,33
3900501,1.9906,1.6548158072009744,5.0,22
3900502,4.7181999999999995,4.490011246598133,5.0,43
3900503,1.8883,1.648405586567047,2.0,20
3900506,2.0345,2.0604816793146608,3.0,26
3900508,2.6697,2.47553334817801,4.0,24
3900515,1.1894,1.7119217512423408,1.0,21
3900529,4.3191,4.594446089517153,3.0,25
3900538,1.604,1.9801963313895214,3.0,14
3900541,2.6644,1.9233272087525946,3.0,12
3900547,2.1937,1.7403921718320112,4.0,20
3900549,2.1318,1.6853269976273646,2.0,19
3900552,1.7663,1.631108206835804,3.0,17
3900556,1.6915,1.1943835867533625,2.0,10
3900565,1.9997,2.639546928691399,0.0,29
3900574,2.5289,2.5820445759632578,5.0,31
3900581,1.1375,1.5510333269646657,1.0,24
3900593,2.6442,2.333251562322143,4.0,29
3900597,2.7302999999999997,3.5712163939581414,2.0,29
3900598,4.5331,4.440515199981401,4.0,25
3900599,2.7821000000000002,2.272082953959482,2.0,18
3900600,2.7139,2.9530979575365675,2.0,28
3900603,3.2918,2.5769481855016796,3.0,20
3900610,0.7215,0.9927662025432619,1.0,16
3900614,1.0735,1.5888899973540758,1.0,22
3900621,2.0728999999999997,1.9475575045202564,0.0,25
3901156,3.785,3.267407583989717,4.0,23
3901161,2.6583,2.8345119543402926,3.0,31
3901173,2.3651,1.7439547734295975,1.0,22
3901187,4.8139,3.607230584298303,6.0,28
3901188,2.5599,2.1296545088920427,3.0,16
3901190,1.2893000000000001,1.66145046668077,3.0,28
3901196,1.673,1.9818849677929926,5.0,18
3901207,2.0802,2.4239515940176437,2.0,24
3901208,2.4874,2.5017567708577166,2.0,22
3901214,1.8536,2.2597029737345933,2.0,21
3901217,3.8916,4.5146362950363335,3.0,36
3901221,2.1533,2.9373116700900437,3.0,22
3901223,1.4933,1.7016322895407985,3.0,21
3901227,1.2156,0.9190249109568887,1.0,14
3901235,0.652,1.0285875722415208,3.0,12
3901237,2.5424,1.7838661897573456,0.0,18
3901246,2.0633,2.0545494412855074,3.0,25
3901247,2.0961,2.0746735628677015,4.0,16
3901249,2.0424,2.1998895010309254,2.0,27
3901255,2.1281,1.976332484310553,5.0,21
3901258,2.4178,2.5951873499853217,4.0,24
3901260,2.8543,3.121402559209742,1.0,27
3914644,0.6628000000000001,0.7481888545160127,1.0,13
3915998,2.8938,1.8940016350200932,3.0,16
